1. U.S. Energy Markets Summary,,,,,,,,,,,,,,,,,,,,,,,,,,,,,,,,,,,,,,,,,,,,,,,,,,,,,,,,,,,,,,,,,,,,,,,,,,,,,,,,,,,,,,,,,,,,,,,,,,,,,,,,,
https://www.eia.gov/outlooks/steo/data/browser/#/?v=3&f=M&s=000000000000000000000082000gg0000000000000000000000000000000400000100000000000000000000000000000000000000000000020000000400000000000000000000000000000000000000000000000000000000000000000000000000000000000000000000000000000000000000000000000000000000000000000000000000000000000000000000000000000000000000000000000000000000000&start=201211&end=202102&ctype=linechart&maptype=0&id=&map=&linechart=RACPUUS~MGWHUUS~WTIPUUS~D2WHUUS~DSWHUUS,,,,,,,,,,,,,,,,,,,,,,,,,,,,,,,,,,,,,,,,,,,,,,,,,,,,,,,,,,,,,,,,,,,,,,,,,,,,,,,,,,,,,,,,,,,,,,,,,,,,,,,,,
Wed Feb 24 2021 15:14:28 GMT-0800 (Pacific Standard Time),,,,,,,,,,,,,,,,,,,,,,,,,,,,,,,,,,,,,,,,,,,,,,,,,,,,,,,,,,,,,,,,,,,,,,,,,,,,,,,,,,,,,,,,,,,,,,,,,,,,,,,,,
Source: U.S. Energy Information Administration,,,,,,,,,,,,,,,,,,,,,,,,,,,,,,,,,,,,,,,,,,,,,,,,,,,,,,,,,,,,,,,,,,,,,,,,,,,,,,,,,,,,,,,,,,,,,,,,,,,,,,,,,
remove,,map,linechart,units,source key,Nov-12,Dec-12,Jan-13,Feb-13,Mar-13,Apr-13,May-13,Jun-13,Jul-13,Aug-13,Sep-13,Oct-13,Nov-13,Dec-13,Jan-14,Feb-14,Mar-14,Apr-14,May-14,Jun-14,Jul-14,Aug-14,Sep-14,Oct-14,Nov-14,Dec-14,Jan-15,Feb-15,Mar-15,Apr-15,May-15,Jun-15,Jul-15,Aug-15,Sep-15,Oct-15,Nov-15,Dec-15,Jan-16,Feb-16,Mar-16,Apr-16,May-16,Jun-16,Jul-16,Aug-16,Sep-16,Oct-16,Nov-16,Dec-16,Jan-17,Feb-17,Mar-17,Apr-17,May-17,Jun-17,Jul-17,Aug-17,Sep-17,Oct-17,Nov-17,Dec-17,Jan-18,Feb-18,Mar-18,Apr-18,May-18,Jun-18,Jul-18,Aug-18,Sep-18,Oct-18,Nov-18,Dec-18,Jan-19,Feb-19,Mar-19,Apr-19,May-19,Jun-19,Jul-19,Aug-19,Sep-19,Oct-19,Nov-19,Dec-19,Jan-20,Feb-20,Mar-20,Apr-20,May-20,Jun-20,Jul-20,Aug-20,Sep-20,Oct-20,Nov-20,Dec-20,Jan-21,Feb-21
Gasoline All Grades Retail Price Including Taxes U.S. Average,Gasoline All Grades Retail Price Including Taxes U.S. Average,1,1,cents per gallon,MGEIAUS,352.1,338.1,339.1,373.6,377.9,363.8,367.5,368.9,366.1,364.5,360.4,341.9,332.2,335.7,339.2,343.4,360.6,373.5,375,376.6,368.8,356.4,348.4,325.4,299.7,263.2,220.8,230.1,254.6,255.5,280.2,288.5,287.9,272.6,246.2,238.7,226,214.4,205.7,187.2,207.1,221.6,237.1,246.7,234.5,228.4,232.7,235.9,229.5,236.6,245.8,241.6,243.7,252.8,250.3,246,241.4,249.4,276.1,262.1,267.8,259.4,267.1,270.5,270.9,287.3,298.7,296.9,292.8,291.4,291.5,294.3,273.6,245.7,233.8,239.3,259.4,288.1,294.6,280.4,282.3,270.7,268.1,272.4,269.3,264.5,263.6,253.3,232.9,193.8,196.1,217,227.2,227.2,227.3,224.8,220,228.3,242,256.2
Refiner Wholesale Gasoline Price,Refiner Wholesale Gasoline Price,1,1,cents per gallon,MGWHUUS,271.3,259,267.6,302,298.7,285.3,295.1,288.2,294.2,289,279.2,263.2,254.4,258.1,260.4,269.9,285.5,298.1,295.1,300.1,285.5,275.9,266.9,233.3,211.1,163.4,136.6,163.7,177,183.5,208,212.1,207.2,183.8,160.9,155.8,142.6,135.6,118.7,104.6,133.5,147.6,161.3,164.3,149,150.8,151.4,156.8,142.7,158.5,162.7,162.5,163.4,172.3,166.8,157.4,162.1,171.1,182.6,173,180.6,172,184.9,182.3,188.9,205.4,220.5,213.5,214.8,211.8,213.6,209,173.2,151.4,148.3,162.4,188.1,213.8,211,190.9,198.4,182,185.4,187.1,181.9,175.7,174.3,166.9,112.7,64.5,104.9,131.1,138,138.9,135.4,131.2,128.6,140.9,157.7,170.7
Refiner Average Crude Oil Acquisition Cost,Refiner Average Crude Oil Acquisition Cost,1,1,dollars per barrel,RACPUUS,96.78,95.06,100.78,101.45,101.23,99.5,100.17,98.67,103.85,106.2,105.7,100.41,93.32,94.32,93.58,99.36,100.09,100.15,100.61,102.51,101.22,95.61,92.26,84.99,75.66,60.7,47,48.92,47.99,53.51,58.65,60.12,53.4,44.97,44.38,44.77,41.43,35.63,29.99,28.53,33.82,37.71,42.88,45.96,43.26,42.7,42.73,46.85,44.06,48.66,49.99,51.24,48.65,49.47,48.47,45.25,46.27,48.22,50.78,52.67,57.75,59.53,63.25,61.74,60.81,64.41,68.91,68.35,70.29,67.68,69.29,70.99,59.01,48.83,52.29,57.62,61.64,66.51,65.11,59.16,60.53,56.9,58.6,55.85,57.88,60.27,57.94,51.37,32.55,19.41,23.84,36.8,40.07,42.41,39.83,39.21,39.94,46.02,51,52
West Texas Intermediate Crude Oil Price,West Texas Intermediate Crude Oil Price,1,1,dollars per barrel,WTIPUUS,86.53,87.86,94.76,95.31,92.94,92.02,94.51,95.77,104.67,106.57,106.29,100.54,93.86,97.63,94.62,100.82,100.8,102.07,102.18,105.79,103.59,96.53,93.21,84.4,75.79,59.29,47.22,50.58,47.82,54.45,59.27,59.82,50.9,42.87,45.48,46.22,42.44,37.19,31.68,30.32,37.55,40.75,46.71,48.76,44.65,44.72,45.18,49.77,45.66,51.97,52.5,53.47,49.33,51.06,48.48,45.18,46.63,48.04,49.82,51.58,56.64,57.88,63.7,62.23,62.73,66.25,69.98,67.87,70.98,68.06,70.23,70.75,56.96,49.52,51.38,54.95,58.15,63.86,60.83,54.66,57.35,54.8,56.95,53.96,57.03,59.88,57.52,50.54,29.21,16.55,28.56,38.31,40.71,42.34,39.63,39.4,40.94,47.02,52,53
"Heating Oil Retail Price Including Taxes, U.S. Average","Heating Oil Retail Price Including Taxes, U.S. Average",1,1,cents per gallon,D2RCAUS,384.7,384.4,384.1,396.5,387.9,370.1,359.9,356.9,360.4,365.1,369.4,368.4,368.3,377.2,390.4,407.2,395.2,383,381.5,377.9,375.3,370.5,364.2,351.5,338.4,313.8,281.1,286.4,301.9,275.5,278.8,274.3,265.1,243.7,237.6,235,230.2,211.4,197,192.3,194.7,198.9,209.7,215.5,213,207.3,212.2,228.8,225.6,239.4,248.2,247.4,244.9,243.8,237.8,228.4,221.5,229.2,248.1,252,263.3,270.3,290.2,285.6,282.7,287.5,313.2,313.2,322,322.9,327.9,338.1,328.6,295.1,293.4,303,305,310.3,303,294.6,293.2,287,289.4,300.8,298.4,303.5,305.2,281.2,240.5,204.4,190.5,205.7,213.4,216.1,212.3,213.9,220.8,241.9,253.7,258.7
Heating Oil Refiner Wholesale Price,Heating Oil Refiner Wholesale Price,1,1,cents per gallon,D2WHUUS,304.9,300.3,306.9,316.8,297.7,279.3,270.8,274.1,289.4,295.4,297.3,295.5,291,301.1,305.9,305.1,297.9,291.1,288.3,287.8,282.5,278.4,270.1,247.6,237.1,205,166.9,185,184.7,174,185.2,181.3,165.4,146.1,143.8,141.1,135.6,112.6,97.6,94.8,107,111.3,129.1,140.4,130.5,130.7,134.1,144.3,138.6,150.7,156,155.3,149.5,149.9,144.7,137.5,139.2,152.2,166.8,169.5,178.1,184.1,199,188.9,184.8,198.2,214.3,208.9,207.9,211.4,221.4,228.1,209.8,179.6,181.3,190.7,195.8,199.3,198.9,182.4,184.7,179.5,190.1,192.6,188.4,191.9,186.3,162.7,123.8,87.2,79.5,100.2,115.2,117.9,109.1,108.9,115.6,134.1,149.9,152.2
"Diesel Fuel Retail Price Including Taxes, U.S. Average","Diesel Fuel Retail Price Including Taxes, U.S. Average",1,1,cents per gallon,DSRTUUS,400,396.1,390.9,411.1,406.8,393,387,384.9,386.6,390.4,396.1,388.5,383.9,388.2,389.3,398.4,400.1,396.4,394.3,390.6,388.4,383.8,379.2,368.1,364.7,341.1,299.7,285.8,289.7,278.2,288.8,287.3,278.8,259.5,250.5,251.9,246.7,230.9,214.3,199.8,209,215.2,231.5,242.3,240.4,235.1,239.4,245.4,243.8,251,258,256.8,255.3,258.3,256,251.1,249.6,259.5,278.5,279.4,290.9,290.9,301.8,304.6,298.8,309.6,324.4,325.3,323.3,321.8,326.2,336.5,329.9,312.3,298,299.6,307.6,312.1,316.1,308.9,304.5,300.5,301.6,305.3,306.9,305.5,304.8,290.9,272.9,249.3,239.2,240.8,243.4,242.9,241.4,238.9,243.2,258.5,268.1,274
Diesel Fuel Refiner Wholesale Price,Diesel Fuel Refiner Wholesale Price,1,1,cents per gallon,DSWHUUS,311.7,302.2,304.6,325.9,308.2,296.9,295.8,292.3,301.5,308.4,309.5,300.6,294.9,299.8,298.1,309.1,303.1,302.7,298.7,297.3,292.1,290,280.6,263.9,255.8,198,161.6,186.1,181.5,180.5,197.3,188.1,172.9,156.2,155.1,157.2,145.6,117.6,101.5,104.3,118.9,125.1,143.2,153.1,142.6,144,147.1,159.2,146.9,160.6,163.6,164.1,158.1,162.7,155.2,146.5,153.3,168.1,184.7,185.2,193.6,191.8,204.2,197.2,195.2,209.9,225.8,220.3,219.2,220.3,228.2,237.9,213,179.4,178.9,195,202,210,210.6,187.4,193.8,186.5,195.5,198.4,197.4,194.3,185.8,167.1,127.8,90.8,87.8,113.5,125.4,127.5,119.5,121.5,131.5,146.5,159.9,163.7
1. U.S. Energy Markets Summary,1. U.S. Energy Markets Summary,0,0,,,,,,,,,,,,,,,,,,,,,,,,,,,,,,,,,,,,,,,,,,,,,,,,,,,,,,,,,,,,,,,,,,,,,,,,,,,,,,,,,,,,,,,,,,,,,,,,,,,,,,
Energy Supply,Energy Supply,0,0,,,,,,,,,,,,,,,,,,,,,,,,,,,,,,,,,,,,,,,,,,,,,,,,,,,,,,,,,,,,,,,,,,,,,,,,,,,,,,,,,,,,,,,,,,,,,,,,,,,,,,
Crude Oil Production,U.S. Crude Oil Production,1,1,million barrels per day,COPRPUS,7.08,7.1,7.08,7.15,7.21,7.37,7.33,7.28,7.52,7.53,7.84,7.76,7.92,7.93,8.07,8.15,8.29,8.52,8.64,8.75,8.85,8.92,9.08,9.26,9.32,9.57,9.39,9.51,9.59,9.66,9.48,9.36,9.45,9.42,9.49,9.41,9.34,9.28,9.2,9.07,9.09,8.87,8.83,8.67,8.66,8.69,8.54,8.84,8.91,8.85,8.87,9.11,9.19,9.11,9.21,9.13,9.27,9.26,9.53,9.67,10.09,9.99,10,10.26,10.49,10.5,10.46,10.6,10.9,11.38,11.46,11.55,11.91,12,11.87,11.68,11.94,12.13,12.16,12.09,11.82,12.42,12.5,12.67,12.86,12.8,12.75,12.75,12.74,12.01,10.02,10.44,10.97,10.58,10.87,10.43,11.12,11.11,11.01,11
Dry Natural Gas Production,U.S. Dry Natural Gas Production,1,1,billion cubic feet per day,NGPRPUS,66.6,66.01,65.26,65.45,65.27,66.12,65.89,65.79,67.09,66.95,66.77,66.98,67.66,66.53,66.78,68.36,68.86,70.54,70.16,70.52,72.02,72.41,72.39,73.11,72.64,73.2,73.44,73.81,74.14,75.21,74.12,73.95,74.19,74.27,74.74,74.19,73.88,73.89,73.56,74.6,73.76,73.71,72.87,72.17,72.76,72.18,71.7,71.42,72.02,71.21,70.56,71.55,73.17,73.26,73.26,73.97,74.73,74.69,75.99,77.34,79.75,80.38,78.74,80.39,81.33,81.19,82.12,82.54,84.18,85.88,87.29,88.4,89.94,89.5,89.44,89.99,90.6,90.97,91.69,92.05,92.54,94.81,94.69,96.02,96.73,97,95.09,94.71,94.56,92.94,87.8,88.35,89.76,90.23,89.46,88.96,91.9,91.83,91.24,90.9
Coal Production,U.S. Coal Production,1,1,million short tons,CLPRPUS_TON,84,80,83,78,85,79,83,81,85,90,83,81,81,78,83,75,87,83,84,79,84,87,84,85,82,86,87,72,81,75,70,67,76,83,78,76,69,63,61,57,55,48,53,60,62,68,65,69,67,63,68,64,64,59,62,66,63,71,63,66,64,63,62,60,65,58,61,62,63,69,62,66,63,63,66,58,56,61,62,57,59,64,59,57,54,54,56,47,46,39,37,39,43,47,45,47,46,46,49,49
Energy Consumption,Energy Consumption,0,0,,,,,,,,,,,,,,,,,,,,,,,,,,,,,,,,,,,,,,,,,,,,,,,,,,,,,,,,,,,,,,,,,,,,,,,,,,,,,,,,,,,,,,,,,,,,,,,,,,,,,,
Liquid Fuels,U.S. Liquid Fuels Consumption,1,1,million barrels per day,PATCPUSX,18.53,18.13,18.74,18.65,18.55,18.59,18.73,18.82,19.26,19.14,19.28,19.32,19.49,19.01,19.1,18.9,18.45,18.83,18.6,18.88,19.25,19.37,19.2,19.7,19.39,19.49,19.27,19.67,19.35,19.26,19.32,19.85,20.12,19.93,19.44,19.47,19.11,19.6,19.06,19.84,19.75,19.35,19.33,19.83,19.75,20.26,19.77,19.68,19.69,19.99,19.29,19.15,20.06,19.62,20.05,20.57,20.13,20.27,19.63,19.97,20.31,20.32,20.56,19.69,20.73,20.04,20.25,20.77,20.67,21.36,20.08,20.79,20.77,20.33,20.61,20.28,20.18,20.33,20.39,20.65,20.73,21.16,20.25,20.71,20.74,20.44,19.91,19.84,18.28,14.69,16.1,17.44,18.32,18.44,18.31,18.62,18.7,18.31,18.56,18.85
Natural Gas,U.S. Natural Gas Consumption,1,1,billion cubic feet per day,NGTCPUS,72.26,80.77,92.86,91.68,81.33,65.58,56.53,58.1,62.14,62.17,58.9,60.22,77.23,94.22,103.36,97.9,82.51,65.39,58.39,58.18,60.68,62.36,60.31,61.7,78.58,86.42,100.48,104.47,83.59,66.93,59.94,63.33,66.7,66.22,63.38,64.11,74.97,83.49,99.73,91.46,76.01,69.46,63.41,66.69,70.54,71.24,64.93,62.1,71.98,92.46,93.99,83.58,81.4,64.4,61.03,63.68,69.08,67.54,64.02,65.53,78.58,99.55,107.77,96.81,90.22,78.35,66.29,68.77,75.83,74.64,71.87,73.74,90.53,96.76,110.23,107.61,94.27,73.63,68.74,70.55,77.12,78.39,73.44,74.34,92.6,102.03,106.32,104.57,87.37,74.77,66.74,71.12,80.42,77.6,72.44,75.1,81.5,102.1,106.75,101.69
Coal,U.S. Coal Consumption,1,1,million short tons,CLTCPUS_TON,75,79,81,72,76,66,70,80,88,87,78,72,71,83,89,82,78,63,69,79,87,86,74,66,70,73,77,72,64,53,62,74,81,79,69,58,54,55,67,55,45,43,49,68,79,78,67,59,53,70,68,52,53,49,55,63,74,70,59,54,55,63,69,50,49,45,52,60,68,68,58,53,56,60,60,49,48,37,44,48,60,56,51,42,46,45,41,36,33,27,30,40,53,54,42,38,38,47,49,37
Electricity,U.S. Electricity Consumption,1,1,billion kilowatthours per day,ESTXPUS,9.65,9.97,10.74,10.81,9.98,9.63,9.71,11.07,11.99,11.81,11.17,9.87,9.77,10.62,11.4,11.42,10.12,9.56,9.76,11.14,11.74,11.75,11.28,9.93,9.89,10.38,11.03,11.34,10.21,9.54,9.65,11.28,12.13,12.09,11.5,9.92,9.59,9.99,10.74,10.62,9.59,9.35,9.55,11.39,12.41,12.71,11.61,9.94,9.62,10.4,10.65,10.24,9.78,9.47,9.79,11.35,12.27,12.03,11.1,10.03,9.83,10.48,11.51,10.85,9.95,9.65,10.16,11.67,12.52,12.72,11.64,10.35,10.08,10.47,11,10.96,10.12,9.49,9.94,11.11,12.55,12.43,11.75,10.32,9.92,10.4,10.46,10.41,9.58,8.96,9.08,10.9,12.47,12.13,10.96,9.89,9.47,10.37,10.88,10.46
Renewables,U.S. Renewables Consumption,1,1,quadrillion btu,RETCBUS,0.69,0.77,0.8,0.71,0.78,0.83,0.87,0.84,0.82,0.75,0.71,0.75,0.77,0.8,0.82,0.71,0.86,0.87,0.87,0.86,0.83,0.77,0.72,0.77,0.81,0.83,0.81,0.77,0.83,0.83,0.83,0.79,0.82,0.79,0.75,0.77,0.82,0.88,0.85,0.85,0.93,0.88,0.9,0.85,0.87,0.82,0.79,0.83,0.83,0.93,0.9,0.86,1.01,0.99,1.03,0.99,0.92,0.86,0.83,0.89,0.87,0.9,0.95,0.89,0.99,1,1.04,1.01,0.93,0.93,0.84,0.88,0.88,0.92,0.92,0.86,0.98,1.02,1.06,0.99,0.98,0.93,0.89,0.93,0.89,0.93,0.98,0.98,0.97,0.91,1.04,1.05,1,0.96,0.89,0.93,1,1,1.05,0.99
Total Energy Consumption,U.S. Total Energy Consumption,1,1,quadrillion btu,TETCFUEL,7.77,8.39,8.97,8.01,8.37,7.51,7.6,7.71,8.26,8.16,7.63,7.7,8.12,9.06,9.59,8.42,8.52,7.55,7.64,7.77,8.22,8.2,7.64,7.75,8.19,8.79,9.29,8.61,8.43,7.46,7.64,7.89,8.42,8.31,7.68,7.61,7.67,8.36,9.05,8.22,7.98,7.44,7.57,7.92,8.46,8.53,7.74,7.64,7.71,9.07,8.97,7.62,8.43,7.45,7.79,7.95,8.42,8.29,7.61,7.8,8.09,9.18,9.66,8.06,8.7,7.88,7.98,8.14,8.6,8.68,7.85,8.08,8.51,9.02,9.53,8.38,8.69,7.66,7.94,7.9,8.55,8.55,7.85,7.93,8.38,8.92,8.96,8.31,7.84,6.52,6.86,7.28,8.1,8.02,7.32,7.51,7.5,8.51,8.81,7.74
Energy Prices,Energy Prices,0,0,,,,,,,,,,,,,,,,,,,,,,,,,,,,,,,,,,,,,,,,,,,,,,,,,,,,,,,,,,,,,,,,,,,,,,,,,,,,,,,,,,,,,,,,,,,,,,,,,,,,,,
Crude Oil West Texas Intermediate Spot,West Texas Intermediate Crude Oil Spot Price,1,1,dollars per barrel,WTIPUUS,86.53,87.86,94.76,95.31,92.94,92.02,94.51,95.77,104.67,106.57,106.29,100.54,93.86,97.63,94.62,100.82,100.8,102.07,102.18,105.79,103.59,96.53,93.21,84.4,75.79,59.29,47.22,50.58,47.82,54.45,59.27,59.82,50.9,42.87,45.48,46.22,42.44,37.19,31.68,30.32,37.55,40.75,46.71,48.76,44.65,44.72,45.18,49.77,45.66,51.97,52.5,53.47,49.33,51.06,48.48,45.18,46.63,48.04,49.82,51.58,56.64,57.88,63.7,62.23,62.73,66.25,69.98,67.87,70.98,68.06,70.23,70.75,56.96,49.52,51.38,54.95,58.15,63.86,60.83,54.66,57.35,54.8,56.95,53.96,57.03,59.88,57.52,50.54,29.21,16.55,28.56,38.31,40.71,42.34,39.63,39.4,40.94,47.02,52,53
Natural Gas Henry Hub Spot,Natural Gas Henry Hub Spot Price,1,1,dollars per million btu,NGHHUUS,3.54,3.34,3.33,3.33,3.81,4.17,4.04,3.83,3.62,3.42,3.62,3.68,3.64,4.24,4.71,6,4.9,4.66,4.58,4.59,4.05,3.91,3.92,3.78,4.12,3.48,2.99,2.87,2.83,2.61,2.85,2.78,2.84,2.77,2.66,2.34,2.09,1.93,2.28,1.99,1.73,1.92,1.92,2.59,2.82,2.82,2.99,2.98,2.55,3.59,3.3,2.85,2.88,3.1,3.15,2.98,2.98,2.9,2.98,2.88,3.01,2.82,3.69,2.67,2.69,2.8,2.8,2.97,2.83,2.96,3,3.28,4.09,4.04,3.11,2.69,2.95,2.65,2.64,2.4,2.37,2.22,2.56,2.33,2.65,2.22,2.02,1.91,1.79,1.74,1.75,1.63,1.77,2.3,1.92,2.39,2.61,2.59,2.71,2.98
Coal,Electric Power Sector Coal Cost,1,1,dollars per million btu,CLEUDUS,2.36,2.36,2.34,2.34,2.35,2.37,2.37,2.36,2.31,2.33,2.35,2.34,2.33,2.34,2.29,2.32,2.36,2.39,2.4,2.38,2.38,2.37,2.37,2.31,2.3,2.51,2.29,2.26,2.26,2.23,2.26,2.25,2.21,2.23,2.22,2.15,2.15,2.16,2.12,2.11,2.17,2.16,2.16,2.1,2.11,2.11,2.12,2.07,2.08,2.08,2.09,2.06,2.07,2.08,2.09,2.07,2.06,2.05,2.02,2.03,2.04,2.04,2.06,2.07,2.04,2.07,2.04,2.04,2.05,2.06,2.05,2.04,2.06,2.11,2.1,2.07,2.08,2.07,2.05,2.03,2.02,2,1.96,1.96,1.96,1.91,1.94,1.91,1.94,1.93,1.9,1.91,1.91,1.9,1.94,1.91,1.9,2,2.05,2.08
Macroeconomic,Macroeconomic,0,0,,,,,,,,,,,,,,,,,,,,,,,,,,,,,,,,,,,,,,,,,,,,,,,,,,,,,,,,,,,,,,,,,,,,,,,,,,,,,,,,,,,,,,,,,,,,,,,,,,,,,,
Real Gross Domestic Product,Real Gross Domestic Product,1,1,billion chained 2012 dollars - saar,GDPQXUS,16234,16269,16353,16388,16408,16380,16399,16430,16488,16532,16575,16646,16670,16674,16592,16606,16651,16769,16842,16913,16995,17051,17095,17101,17141,17187,17258,17307,17352,17392,17425,17452,17470,17487,17501,17494,17511,17537,17587,17615,17638,17644,17667,17694,17730,17764,17799,17840,17877,17911,17947,17978,18006,18020,18052,18090,18136,18184,18237,18302,18360,18417,18480,18532,18579,18617,18655,18691,18725,18754,18778,18782,18811,18848,18915,18953,18984,18990,19019,19053,19103,19142,19180,19269,19267,19226,19309,19065,18658,17427,17191,17289,17720,18485,19584,18688,18728,18763,18781,18818
Percent change from prior year,Real Gross Domestic Product,1,1,percent change from prior year,GDPQXUS_PCT,1.4,1.3,1.6,1.6,1.5,1.2,1.2,1.3,1.7,1.9,2.1,2.7,2.7,2.5,1.5,1.3,1.5,2.4,2.7,2.9,3.1,3.1,3.1,2.7,2.8,3.1,4,4.2,4.2,3.7,3.5,3.2,2.8,2.6,2.4,2.3,2.2,2,1.9,1.8,1.7,1.4,1.4,1.4,1.5,1.6,1.7,2,2.1,2.1,2,2.1,2.1,2.1,2.2,2.2,2.3,2.4,2.5,2.6,2.7,2.8,3,3.1,3.2,3.3,3.3,3.3,3.3,3.1,3,2.6,2.5,2.3,2.3,2.3,2.2,2,1.9,1.9,2,2.1,2.1,2.6,2.4,2,2.1,0.6,-1.7,-8.2,-9.6,-9.3,-7.2,-3.4,2.1,-3,-2.8,-2.4,-2.7,-1.3
GDP Implicit Price Deflator,GDP Implicit Price Deflator,1,1,"index, 2012=100",GDPDIUS,100.7,100.9,101,101.1,101.2,101.3,101.4,101.6,101.8,102,102.2,102.4,102.6,102.7,102.8,103,103.1,103.4,103.5,103.7,103.9,104,104.1,104.1,104.1,104.1,104,104,104.2,104.5,104.7,104.8,104.9,104.9,105,104.9,104.9,104.9,104.8,104.9,105,105.4,105.6,105.8,105.8,105.9,106.1,106.3,106.5,106.7,106.9,107,107.2,107.2,107.4,107.5,107.8,108,108.2,108.4,108.6,108.9,109,109.3,109.6,109.9,110.2,110.4,110.5,110.7,110.8,111,111.2,111.3,111.3,111.5,111.7,112,112.2,112.4,112.5,112.6,112.7,112.9,113,113.1,113.4,113.4,113.3,112.8,112.8,113,113.3,113.8,114.4,114.2,114.3,114.4,114.5,114.6
Percent change from prior year,GDP Implicit Price Deflator,1,1,percent change from prior year,GDPDIUS_PCT,2.1,2.1,1.9,1.8,1.8,1.8,1.7,1.7,1.7,1.7,1.7,1.8,1.8,1.8,1.8,1.8,1.9,2,2.1,2.1,2.1,2,1.9,1.6,1.5,1.3,1.1,1,1,1.1,1.1,1,0.9,0.9,0.8,0.8,0.8,0.8,0.8,0.8,0.8,0.9,0.9,0.9,0.9,1,1.1,1.3,1.5,1.7,2,2.1,2,1.7,1.7,1.7,1.9,1.9,2,2,2,2,2,2.1,2.2,2.5,2.6,2.7,2.5,2.5,2.5,2.4,2.3,2.2,2.1,2,1.9,1.9,1.8,1.8,1.8,1.7,1.7,1.7,1.6,1.6,1.8,1.7,1.5,0.7,0.5,0.5,0.7,1,1.5,1.2,1.2,1.2,1,1.1
Real Disposable Personal Income,Real Disposable Personal Income,1,1,billion chained 2012 dollars - saar,YD87OUS,12693,13016,12266,12205,12223,12271,12342,12354,12341,12368,12418,12386,12425,12464,12523,12601,12670,12717,12766,12825,12865,12925,12965,13020,13083,13164,13262,13313,13275,13302,13325,13338,13378,13413,13450,13473,13468,13531,13580,13596,13607,13587,13581,13587,13630,13640,13680,13709,13736,13760,13825,13875,13942,13967,14060,14064,14103,14123,14150,14188,14203,14227,14343,14379,14438,14472,14512,14557,14610,14650,14638,14671,14689,14837,14841,14864,14856,14817,14810,14827,14840,14912,14934,14936,14997,14960,15070,15163,14949,17287,16454,16150,16237,15693,15786,15665,15467,15588,16277,16371
Percent change from prior year,Real Disposable Personal Income,1,1,percent change from prior year,YD87OUS_PCT,4.8,6.5,-0.4,-1.5,-1.7,-1.6,-1.2,-1.2,-0.6,0.1,0,-1,-2.1,-4.2,2.1,3.2,3.7,3.6,3.4,3.8,4.2,4.5,4.4,5.1,5.3,5.6,5.9,5.7,4.8,4.6,4.4,4,4,3.8,3.7,3.5,2.9,2.8,2.4,2.1,2.5,2.1,1.9,1.9,1.9,1.7,1.7,1.7,2,1.7,1.8,2.1,2.5,2.8,3.5,3.5,3.5,3.5,3.4,3.5,3.4,3.4,3.7,3.6,3.6,3.6,3.2,3.5,3.6,3.7,3.4,3.4,3.4,4.3,3.5,3.4,2.9,2.4,2,1.9,1.6,1.8,2,1.8,2.1,0.8,1.5,2,0.6,16.7,11.1,8.9,9.4,5.2,5.7,4.9,3.1,4.2,8,8
Manufacturing Production Index,Manufacturing Production Index,1,1,"index, year 2012=100",ZOMNIUS,100.2,101.1,100.7,101.2,101.2,100.8,101,101.3,100.3,101.2,101.3,101.4,101.4,101.4,100.2,101.2,102.1,102,102.3,102.7,103.1,102.6,102.6,102.6,103.4,103.1,102.7,102,102.3,102.1,102.1,101.7,102.3,102,101.6,101.6,101.3,101,101.7,101.1,101,100.6,100.6,100.9,101.1,100.7,101.1,101.4,101.5,101.9,102.5,102.4,102.2,103.3,103.2,103.3,103.1,102.8,102.7,104.1,104.4,104.4,104,105.2,105.2,105.7,105,105.8,106.2,106.7,106.7,106.6,106.8,107.5,106.9,106.3,106.3,105.4,105.5,106.1,105.7,106.4,105.7,105.1,106.1,106.4,106.2,106.1,100.8,84.8,88.1,95,99,100.4,100.4,101.7,102.6,103.6,103.8,104.2
Percent change from prior year,Manufacturing Production Index,1,1,percent change from prior year,ZOMNIUS_PCT,2.1,2.3,1,1.2,1.6,0.6,1.2,1.2,0.2,1.3,1.5,1.9,1.2,0.3,-0.5,0,1,1.2,1.2,1.3,2.8,1.4,1.3,1.1,2,1.7,2.5,0.7,0.1,0.1,-0.2,-1,-0.8,-0.6,-1,-0.9,-2.1,-2,-0.9,-0.8,-1.3,-1.5,-1.5,-0.8,-1.2,-1.3,-0.5,-0.2,0.2,0.9,0.8,1.3,1.2,2.8,2.6,2.4,2,2.1,1.6,2.6,2.9,2.5,1.5,2.7,3,2.3,1.8,2.4,3,3.8,3.9,2.4,2.3,2.9,2.7,1.1,1,-0.4,0.5,0.3,-0.5,-0.3,-1,-1.5,-0.7,-1.1,-0.7,-0.2,-5.2,-19.5,-16.5,-10.5,-6.3,-5.6,-5,-3.2,-3.3,-2.6,-2.2,-1.8
Weather,Weather,0,0,degree days,,,,,,,,,,,,,,,,,,,,,,,,,,,,,,,,,,,,,,,,,,,,,,,,,,,,,,,,,,,,,,,,,,,,,,,,,,,,,,,,,,,,,,,,,,,,,,,,,,,,,
U.S. Heating Degree Days,U.S. Heating Degree Days,1,1,degree days,ZWHDPUS,540,699,828,733,660,348,136,26,5,12,59,257,572,829,970,799,683,325,127,28,10,13,58,221,614,706,890,867,584,300,119,24,6,11,32,227,445,581,871,628,450,309,150,21,6,6,39,198,418,783,766,547,543,248,154,25,5,15,45,193,490,798,896,625,609,410,85,26,4,7,38,254,594,732,859,719,632,288,158,34,5,10,41,254,589,715,740,652,484,358,156,25,5,7,58,247,422,748,785,679
U.S. Cooling Degree Days,U.S. Cooling Degree Days,1,1,degree days,ZWCDPUS,14,11,15,11,11,34,100,245,338,288,177,56,18,13,7,12,15,37,113,243,301,292,183,74,11,10,9,7,29,53,126,255,336,315,223,77,30,26,7,11,35,42,98,271,384,362,219,86,26,17,17,22,32,56,106,241,363,292,184,78,27,10,8,23,21,33,174,270,376,351,231,70,18,11,9,18,18,42,130,227,373,336,243,75,16,14,15,13,43,43,106,248,398,356,181,83,32,7,6,12
,,,,,,,,,,,,,,,,,,,,,,,,,,,,,,,,,,,,,,,,,,,,,,,,,,,,,,,,,,,,,,,,,,,,,,,,,,,,,,,,,,,,,,,,,,,,,,,,,,,,,,,,,
,,,,,,,,,,,,,,,,,,,,,,,,,,,,,,,,,,,,,,,,,,,,,,,,,,,,,,,,,,,,,,,,,,,,,,,,,,,,,,,,,,,,,,,,,,,,,,,,,,,,,,,,,
,,,,,,,,,,,,,,,,,,,,,,,,,,,,,,,,,,,,,,,,,,,,,,,,,,,,,,,,,,,,,,,,,,,,,,,,,,,,,,,,,,,,,,,,,,$/Bbl,% WTI,,,,,,,,,,,,,,
WTI,West Texas Intermediate Crude Oil Spot Price,,,,,,,,,,,,,,,,,,,,,,,,,,,,,,,,,,,,,,,,,,,,,,,,,,,,,,,,,,,,,,,,,,,,,,,,,,,,,,,,,,,,,,,,,57.03,100.00%,,,,,,,,,,,,,,
,Differential,,,,,,,,,,,,,,,,,,,,,,,,,,,,,,,,,,,,,,,,,,,,,,,,,,,,,,,,,,,,,,,,,,,,,,,,,,,,,,,,,,,,,,,,,-0.85,-1.49%,,,,,,,,,,,,,,
,Refiner Average Crude Oil Acquisition Cost,,,,,,,,,,,,,,,,,,,,,,,,,,,,,,,,,,,,,,,,,,,,,,,,,,,,,,,,,,,,,,,,,,,,,,,,,,,,,,,,,,,,,,,,,57.88,101.49%,,,,,,,,,,,,,,
,Refiner Wholesale Gasoline Price,,,,,,,,,,,,,,,,,,,,,,,,,,,,,,,,,,,,,,,,,,,,,,,,,,,,,,,,,,,,,,,,,,,,,,,,,,,,,,,,,,,,,,,,,76.398,133.96%,,,,,,,,,,,,,,
,Diesel Fuel Refiner Wholesale Price,,,,,,,,,,,,,,,,,,,,,,,,,,,,,,,,,,,,,,,,,,,,,,,,,,,,,,,,,,,,,,,,,,,,,,,,,,,,,,,,,,,,,,,,,82.908,145.38%,,,,,,,,,,,,,,
,Heating Oil Refiner Wholesale Price,,,,,,,,,,,,,,,,,,,,,,,,,,,,,,,,,,,,,,,,,,,,,,,,,,,,,,,,,,,,,,,,,,,,,,,,,,,,,,,,,,,,,,,,,79.128,138.75%,,,,,,,,,,,,,,
,,,,,,,,,,,,,,,,,,,,,,,,,,,,,,,,,,,,,,,,,,,,,,,,,,,,,,,,,,,,,,,,,,,,,,,,,,,,,,,,,,,,,,,,,,x,,,,,,,,,,,,,,,
,,,,,,,,,,,,,,,,,,,,,,,,,,,,,,,,,,,,,,,,,,,,,,,,,,,,,,,,,,,,,,,,,,,,,,,,,,,,,,,,,,,,,,,,,,x,,,,,,,,,,,,,,,
,,,,,,,,,,,,,,,,,,,,,,,,,,,,,,,,,,,,,,,,,,,,,,,,,,,,,,,,,,,,,,,,,,,,,,,,,,,,,,,,,,,,,,,,,,x,,,,,,,,,,,,,,,
